,topic_number,topic_keywords
0,0,"[('gene', 0.025)]"
1,1,"[('mouse', 0.035)]"
2,2,"[('mouse', 0.018)]"
3,3,"[('role', 0.01)]"
4,4,"[('mouse', 0.016)]"
5,5,"[('mouse', 0.018)]"
6,6,"[('cell', 0.023)]"
7,7,"[('mouse', 0.017)]"
8,8,"[('protein', 0.012)]"
9,9,"[('mouse', 0.025)]"
